{
  "test_loss": 0.5931121110916138,
  "test_accuracy": 0.3229166666666667,
  "test_precision": 1.0,
  "test_recall": 0.3229166666666667,
  "test_f1_macro": 0.2440944881889764,
  "test_f1_micro": 0.3229166666666667,
  "test_avg_bleurt": 0.3432626724243164,
  "test_runtime": 1.4373,
  "test_samples_per_second": 66.792,
  "test_steps_per_second": 16.698,
  "diff_f1_micro": -55.072463768115945,
  "diff_avg_bleurt": -52.55446646068186
}