scorer,dimension,metrics,spearman_corr,pearson_corr
atomic,semantic_coverage,,0.27482108330494326,0.28734932174079075
atomic,coherence,,0.25589147169398574,0.26863469882079555
atomic,redundancy,,0.02691154790770423,0.01948254172048238
atomic,consistency,,0.14691684744414954,0.14632577252264664
atomic,relevance,,0.2871822972478528,0.33289852366757106
atomic,verdict_agreement,,0.230346911240622,0.24705170268290966
