scorer,dimension,metrics,spearman_corr,pearson_corr
rouge,semantic_coverage,,0.14984080839155,0.16904872168904306
rouge,coherence,,0.1799542135242218,0.189716083690824
rouge,redundancy,,0.0574065264952657,0.0396214978623152
rouge,consistency,,0.12412488066124475,0.13065725873486675
rouge,relevance,,0.08627382222688515,0.09939474254957988
rouge,verdict_agreement,,0.07034419460498288,0.09676423899099396
