scorer,dimension,metrics,spearman_corr,pearson_corr
meteor,semantic_coverage,,0.22859392299955225,0.23985802582013832
meteor,coherence,,0.192468125103014,0.1907894890155007
meteor,redundancy,,-0.1496600123555808,-0.1314897020043002
meteor,consistency,,0.06061929348178837,0.06414144943512996
meteor,relevance,,0.06212253902340801,0.07555507837473992
meteor,verdict_agreement,,0.15171741337554018,0.15857712042685612
