scorer,dimension,metrics,spearman_corr,pearson_corr
atomic,semantic_coverage,,0.23691136153935502,0.2612898077940027
atomic,coherence,,0.20130058550464658,0.2542033653560576
atomic,redundancy,,-0.006420074527658757,-0.009345414417733865
atomic,consistency,,0.11215256158425681,0.11849908566780894
atomic,relevance,,0.2922612476675818,0.35950578666274857
atomic,verdict_agreement,,0.23956756051229894,0.24267395993480578
