scorer,dimension,metrics,spearman_corr,pearson_corr
bleu,semantic_coverage,,0.23608133737698603,0.1837906699826039
bleu,coherence,,0.17964696883084458,0.16634090007725058
bleu,redundancy,,-0.14397585003144486,-0.038728827850355585
bleu,consistency,,0.04049811321182877,0.03786211415901887
bleu,relevance,,0.10741181485525757,0.07884990190842639
bleu,verdict_agreement,,0.16564900561754167,0.136708273851999
