scorer,dimension,metrics,spearman_corr,pearson_corr
atomic,semantic_coverage,,0.2973875020458495,0.286162420740382
atomic,coherence,,0.2218942739976774,0.21032218716346002
atomic,redundancy,,-0.011474363272287279,-0.007796267554410513
atomic,consistency,,0.1337410627402519,0.11623250591491197
atomic,relevance,,0.2270025304876168,0.24993409969344896
atomic,verdict_agreement,,0.21487562592589263,0.20789753729071367
