scorer,dimension,metrics,spearman_corr,pearson_corr
atomic,semantic_coverage,,0.2873461207569486,0.2957888338413767
atomic,coherence,,0.20777119561603621,0.24571964887272207
atomic,redundancy,,0.011594123742009632,0.010338367999433934
atomic,consistency,,0.09212744226251554,0.11036809193191023
atomic,relevance,,0.20292826525009533,0.263387988813511
atomic,verdict_agreement,,0.26150202194519,0.27320844646832654
