scorer,dimension,metrics,spearman_corr,pearson_corr
hmeteor,semantic_coverage,,0.08943379854080108,0.05949415285482502
hmeteor,coherence,,0.0695672753508728,0.04977518643263793
hmeteor,redundancy,,0.10260811827380126,0.014045899955971358
hmeteor,consistency,,0.09517327365008349,0.1117941547436115
hmeteor,relevance,,0.03913370185214976,0.050658388328613406
hmeteor,verdict_agreement,,-0.07389420450495031,-0.0359989847976437
