scorer,dimension,metrics,spearman_corr,pearson_corr
ref_trained,semantic_coverage,,0.11622957724862908,0.03256762937512305
ref_trained,coherence,,0.0912085743053154,0.06283659510157344
ref_trained,redundancy,,-0.13293607453200207,0.02373909260771615
ref_trained,consistency,,0.05668625541707167,0.05896732575392123
ref_trained,relevance,,0.14487521697994454,0.11043070856168921
ref_trained,verdict_agreement,,0.1512348044120842,0.09823506158197447
