scorer,dimension,metrics,spearman_corr,pearson_corr
hmeteor,semantic_coverage,,0.005218494248758894,-0.023937316430545037
hmeteor,coherence,,0.07574407716020867,0.05707936237802541
hmeteor,redundancy,,0.11677599138816422,0.024874313114870542
hmeteor,consistency,,0.038594796481072384,0.023527358517504742
hmeteor,relevance,,0.00844579415558554,0.0029470965428356373
