scorer,dimension,metrics,spearman_corr,pearson_corr
cot,semantic_coverage,,0.25335328142456653,0.3060630129133428
cot,coherence,,0.14202577417723522,0.2010281833622232
cot,redundancy,,0.007234131998959579,-0.010589397553769773
cot,consistency,,0.13317955004518728,0.13977552091508896
cot,relevance,,0.18169820857620322,0.22051982330794295
cot,verdict_agreement,,0.5229360888550967,0.48304557024887573
