scorer,dimension,metrics,spearman_corr,pearson_corr
rouge,semantic_coverage,,0.35008819352017523,0.25895624283362884
rouge,coherence,,0.070006634,-0.061363409
rouge,redundancy,,-0.005121879,-0.077406374
rouge,consistency,,0.078853181,-0.017033646
rouge,verdict_agreement,,0.055878132,0.051854091420622354
rouge,nei_disagreement,,-0.003757513,-0.057608254