scorer,dimension,metrics,spearman_corr,pearson_corr
atomic,semantic_coverage,,0.34735693974302856,0.35272844294118444
atomic,coherence,,0.18314036435459455,0.2552230492585955
atomic,redundancy,,0.1241041348022897,0.14442624602623516
atomic,consistency,,0.28262408917378296,0.29410359163548655
atomic,verdict_agreement,,0.3481383297843591,0.3456296225548404
atomic,nei_disagreement,,0.48383611969985935,0.4988363241944202
