scorer,dimension,metrics,spearman_corr,pearson_corr
atomic,semantic_coverage,,0.22583651990539888,0.2542465624861236
atomic,coherence,,0.03223154071988296,0.13803808089253256
atomic,redundancy,,0.04392207769032093,0.07729372180296526
atomic,consistency,,0.07176353181802653,0.06658428840371017
atomic,verdict_agreement,,0.030872955266259418,0.03529556506494297
atomic,nei_disagreement,,-0.10326404069601232,-0.09108087419828242
