scorer,dimension,metrics,spearman_corr,pearson_corr
atomic,semantic_coverage,,0.4588308796929794,0.4595550905426291
atomic,coherence,,0.26168885004666403,0.3239131548795541
atomic,redundancy,,0.13807712170729022,0.17275420370508396
atomic,consistency,,0.3530494734232893,0.3652595330221059
atomic,verdict_agreement,,0.33324171836550626,0.33398983634549817
atomic,nei_disagreement,,0.448862638943464,0.4712371188710801
