scorer,dimension,metrics,spearman_corr,pearson_corr
atomic,semantic_coverage,,0.24202833287699665,0.2293917837000975
atomic,coherence,,0.022768795099225643,0.05394757212984473
atomic,redundancy,,0.09194335222909576,0.1089144143595295
atomic,consistency,,-0.12477667820612959,-0.12701963422795898
atomic,verdict_agreement,,0.0024898361571342466,0.014396018184656363
atomic,nei_disagreement,,-0.07571117567784029,-0.059913669266936635
