scorer,dimension,metrics,spearman_corr,pearson_corr
hmeteor,semantic_coverage,,0.13554251854478622,0.10178166416679908
hmeteor,coherence,,0.09342897362074978,0.10121639989861261
hmeteor,redundancy,,0.04334831293280228,-0.03209839622449673
hmeteor,consistency,,0.11297605766576145,0.1063400233522574
hmeteor,verdict_agreement,,-0.03380766085960853,-0.06549992884032685
hmeteor,nei_disagreement,,-0.1159428474236654,-0.14602192313370183
