scorer,dimension,metrics,spearman_corr,pearson_corr
pseudo_trained,semantic_coverage,,0.27125694840114273,0.22544989215967803
pseudo_trained,coherence,,0.16392712325437606,0.039209679063968814
pseudo_trained,redundancy,,0.05669229337386408,-0.012841053690752873
pseudo_trained,consistency,,0.32030552958348224,0.26190322929088905
pseudo_trained,verdict_agreement,,0.4714290486534301,0.4854559226376207
pseudo_trained,nei_disagreement,,0.4541094857426895,0.5194632334794582
