scorer,dimension,metrics,spearman_corr,pearson_corr
atomic,semantic_coverage,,0.4448946279066389,0.42517773017151833
atomic,coherence,,0.22001361113060772,0.3187535094142886
atomic,redundancy,,0.10896751077499257,0.15577524927739403
atomic,consistency,,0.2095885432766376,0.2250929856491934
atomic,verdict_agreement,,0.2719765325944345,0.24981685626665012
atomic,nei_disagreement,,0.412833293307482,0.39094214419258444
