scorer,dimension,metrics,spearman_corr,pearson_corr
cot,semantic_coverage,,0.17959837914803817,0.18175005165514235
cot,coherence,,0.09900148421622437,0.05712764919983524
cot,redundancy,,0.04011059653449791,0.037629835187496186
cot,consistency,,0.008779128070206262,-0.013108346082249554
cot,verdict_agreement,,0.1477187085791611,0.14771870857916108
cot,nei_disagreement,,0.2542273445161329,0.2542273445161328
