scorer,dimension,metrics,spearman_corr,pearson_corr
cot,semantic_coverage,,0.1140938932111354,0.1134568669511941
cot,coherence,,0.1220888344912244,0.1311761397647578
cot,redundancy,,0.0761496686587103,0.0939604315440691
cot,consistency,,0.1373993631929742,0.1396986515641633
cot,verdict_agreement,,0.4986609290994467,0.4986609290994467
cot,nei_disagreement,,0.2466689538633607,0.2466689538633607
