scorer,dimension,metrics,spearman_corr,pearson_corr
bleu,semantic_coverage,,0.2806251457795149,0.20268603123676338
bleu,coherence,,0.2534725102573229,0.14573252559570507
bleu,redundancy,,-0.009796158705694783,-0.01619719003619797
bleu,consistency,,0.06337065035688524,0.06135139828868601
bleu,verdict_agreement,,0.1440353442364503,0.08091396444648423
bleu,nei_disagreement,,0.06434818821312627,0.005045027150699315
