scorer,dimension,metrics,spearman_corr,pearson_corr
meteor,semantic_coverage,,0.3690171809141382,0.33766129536626355
meteor,coherence,,0.08420106576466957,0.11024190087214139
meteor,redundancy,,0.16975309236089003,0.18200307079301487
meteor,consistency,,-0.06345675586087855,-0.04758663701054566
meteor,verdict_agreement,,0.07982364369629794,0.053605808064170174
meteor,nei_disagreement,,0.03757407092433601,-0.0027064456550330712
