scorer,dimension,metrics,spearman_corr,pearson_corr
cot,semantic_coverage,,0.021014537129063034,0.16005171060252285
cot,coherence,,0.16355655638147154,0.17380996716326508
cot,redundancy,,0.07456189927964271,0.07790873961517242
cot,consistency,,0.18840115824545636,0.0982332417422036
cot,verdict_agreement,,0.1718273398608816,0.13133589069753956
cot,nei_disagreement,,-0.27869044371528034,-0.16612383561372474
