scorer,dimension,metrics,spearman_corr,pearson_corr
atomic,semantic_coverage,,0.22246048528911483,0.20227403229852667
atomic,coherence,,0.017941672776908304,0.038504681649872884
atomic,redundancy,,-0.042846825862276935,0.00038492312283410976
atomic,consistency,,0.07224512789503124,0.06126772106083626
atomic,verdict_agreement,,0.005400254104260283,0.025073371849651097
atomic,nei_disagreement,,-0.16668078759823154,-0.133412831459647
