scorer,dimension,metrics,spearman_corr,pearson_corr
cot,semantic_coverage,,0.11409389321113546,0.11345686695119415
cot,coherence,,0.12208883449122448,0.13117613976475784
cot,redundancy,,0.07614966865871038,0.09396043154406916
cot,consistency,,0.1373993631929742,0.13969865156416336
cot,verdict_agreement,,0.4986609290994467,0.49866092909944676
cot,nei_disagreement,,0.24666895386336074,0.2466689538633607
