scorer,dimension,metrics,spearman_corr,pearson_corr
pseudo_trained,semantic_coverage,,0.19415741382149182,0.19706597816438431
pseudo_trained,coherence,,0.07907905576842032,0.03627144233669217
pseudo_trained,redundancy,,0.005431000444651984,-0.016871204537711966
pseudo_trained,consistency,,0.30014663890662074,0.2848257321967793
pseudo_trained,verdict_agreement,,0.4604673639213913,0.46046736392139126
pseudo_trained,nei_disagreement,,0.47488036770997766,0.47488036770997766
