scorer,dimension,metrics,spearman_corr,pearson_corr
cot,semantic_coverage,,0.05962950137721426,0.06505866289109416
cot,coherence,,0.02564067217110847,0.043849330737170844
cot,redundancy,,0.010209970026963102,0.037629835187496186
cot,consistency,,0.015363474122860956,-0.00237198643393087
cot,verdict_agreement,,0.1477187085791611,0.14771870857916108
cot,nei_disagreement,,0.014845392380504106,0.014845392380504106
