scorer,dimension,metrics,spearman_corr,pearson_corr
rouge,semantic_coverage,,0.35008819352017523,0.25895624283362884
rouge,coherence,,0.07000663444507872,-0.06136340912325799
rouge,redundancy,,-0.00512187863700881,-0.07740637385123005
rouge,consistency,,0.078853181295768,-0.017033646243262604
rouge,verdict_agreement,,0.05587813214096095,0.051854091420622354
rouge,nei_disagreement,,-0.003757513443675265,-0.05760825352311444
